Benchmark,JAX PSO,Pure PSO,Vectorized PSO
Ackley,0.0979034081101417,0.9677852988243104,0.379634827375412
Alpine,0.0843816772103309,0.9047256708145142,0.2558291852474212
Griewank,0.0885823294520378,1.0124553442001345,0.373012900352478
Rastrigin,0.0827163457870483,0.9579602479934692,0.288388192653656
Rosenbrock,0.0716077834367752,1.0119975805282593,0.3363198935985565
Salomon,0.0703688561916351,0.8629498481750488,0.1781259775161743
Schwefel,0.0846953839063644,0.957678496837616,0.2255797833204269
Sphere,0.08836080878973,0.8388527035713196,0.1551393419504165
Styblinski-Tang,0.0719891116023063,0.978760540485382,0.3333900868892669
