Benchmark,JAX PSO,NumPy PSO,Python PSO
Ackley,0.0112518146634101,0.4060426354408264,0.1659751832485199
Rastrigin,0.0103344041854143,0.2599393725395202,0.1502419412136078
Rosenbrock,0.0105029568076133,0.3223001956939697,0.1535470783710479
Sphere,0.0102348625659942,0.1322348713874817,0.1363545060157776
