Benchmark,JAX PSO,NumPy PSO,Python PSO
Ackley,0.0136247500777244,0.5449925661087036,3.764002799987793
Rastrigin,0.0093019790947437,0.3871136903762817,3.759623050689697
Rosenbrock,0.0087414486333727,0.3737834095954895,4.03900146484375
Sphere,0.0084246285259723,0.182723581790924,3.2782351970672607
