Benchmark,JAX PSO,NumPy PSO,Python PSO
Ackley,0.0121365170925855,0.4070192575454712,0.2813701629638672
Rastrigin,0.0095058679580688,0.263346254825592,0.2676650583744049
Rosenbrock,0.0095738470554351,0.3218625783920288,0.2802683115005493
Sphere,0.0087256804108619,0.1351996958255767,0.2472164928913116
