Benchmark,JAX PSO,NumPy PSO,Python PSO
Ackley,0.0121461264789104,0.422686904668808,0.515967845916748
Rastrigin,0.0091814808547496,0.2777363061904907,0.504675030708313
Rosenbrock,0.0091873807832598,0.3290757536888122,0.5293707251548767
Sphere,0.0104412538930773,0.1407658010721206,0.4373153448104858
