Benchmark,JAX PSO,NumPy PSO
Ackley,0.6749317646026611,0.4191385507583618
Rastrigin,0.6281631588935852,0.2793292701244354
Rosenbrock,0.7090047597885132,0.31170955300331116
Sphere,0.635208785533905,0.13987794518470764
