Benchmark,JAX PSO,NumPy PSO,Python PSO
Ackley,0.0208784639835357,1.0488014221191406,17.779529571533203
Rastrigin,0.0110236052423715,0.8175274729728699,18.213741302490234
Rosenbrock,0.0075867758132517,0.573177695274353,18.92816162109375
Sphere,0.0110592730343341,0.3312526345252991,17.242351531982422
