Benchmark,JAX PSO,NumPy PSO,Python PSO
Ackley,0.0119393337517976,0.3950511217117309,0.1085167452692985
Rastrigin,0.0103211998939514,0.2554782927036285,0.0941431522369384
Rosenbrock,0.0105776218697428,0.3149466514587402,0.0952389538288116
Sphere,0.009770467877388,0.1326294541358947,0.0832457542419433
