Benchmark,JAX PSO,NumPy PSO,Python PSO
Ackley,0.0122162327170372,0.7481348514556885,8.657949447631836
Rastrigin,0.0092655643820762,0.5512003898620605,10.107051849365234
Rosenbrock,0.0095661748200654,0.4535780549049377,10.361592292785645
Sphere,0.0092718228697776,0.2347574979066848,8.271934509277344
