Benchmark,JAX PSO,NumPy PSO,Python PSO
Ackley,0.0140303121879696,0.4758199751377105,1.8495525121688845
Rastrigin,0.0083235558122396,0.3231968879699707,1.8462268114089968
Rosenbrock,0.0082869259640574,0.3462731838226318,1.9849133491516116
Sphere,0.0082906540483236,0.1574281454086303,1.5921210050582886
